Round Robin,,Preemptive
"PID","Burst","Priority","Arrival","Start","Finish","Wait","Response","Turnaround"
251,16,6,20,20,35,0,0,16
252,49,7,80,80,148,20,0,69
253,35,1,101,110,173,38,9,73
254,82,5,155,159,265,29,4,111
255,20,3,213,214,243,11,1,31
256,43,6,282,282,334,10,0,53
257,25,8,322,322,359,13,0,38
258,76,4,342,345,535,118,3,194
259,55,2,360,370,514,100,10,155
260,84,2,415,420,640,142,5,226
261,15,1,467,490,529,48,23,63
262,20,0,525,546,575,31,21,51
263,11,3,558,586,616,48,28,59
264,74,7,584,596,758,101,12,175
265,34,2,615,627,714,66,12,100
266,20,5,652,661,700,29,9,49
267,84,6,714,725,1040,243,11,327
268,38,8,757,769,866,72,12,110
269,86,1,781,799,1278,412,18,498
270,52,7,829,839,1144,264,10,316
271,55,1,877,887,1219,288,10,343
272,65,6,912,937,1343,367,25,432
273,36,6,946,947,1170,189,1,225
274,32,2,984,1017,1231,216,33,248
275,17,0,1008,1027,1107,83,19,100
276,80,7,1048,1108,1670,543,60,623
277,58,7,1050,1118,1441,334,68,392
278,5,1,1104,1128,1132,24,24,29
279,4,7,1170,1201,1204,31,31,35
280,99,6,1227,1252,2110,785,25,884
281,44,7,1229,1262,1566,294,33,338
282,1,8,1253,1272,1272,19,19,20
283,86,2,1310,1329,2116,721,19,807
284,33,5,1371,1394,1693,290,23,323
285,36,7,1382,1404,1699,282,22,318
286,73,1,1413,1414,2119,634,1,707
287,10,5,1443,1502,1511,59,59,69
288,14,7,1460,1512,1610,137,52,151
289,64,7,1489,1522,2123,571,33,635
290,91,2,1499,1532,2234,645,33,736
291,1,1,1515,1542,1542,27,27,28
292,70,7,1548,1631,2183,566,83,636
293,95,2,1570,1641,2259,595,71,690
294,35,6,1614,1651,1997,349,37,384
295,29,3,1673,1760,2006,305,87,334
296,22,3,1685,1770,2008,302,85,324
297,12,1,1729,1780,1902,162,51,174
298,33,3,1734,1790,2101,335,56,368
299,1,9,1800,1800,1800,0,0,1
300,72,6,1832,1913,2271,368,81,440
,,,,,,,,
,,,,,Min,0,0,1
,,,,,Mean,226.32,27.12,270.16
,,,,,Max,785,87,884
,,,,,StdDev,218.22,25.21,239.53
